router_id,hour,latency_ms,packet_loss_pct,disconnects,connected_devices,signal_dbm,is_bad
R-1001,0,120,4.4,2,80,-70,false
R-1001,1,125,5.1,2,83,-69,false
R-1001,2,130,5.8,2,86,-68,false
R-1001,3,135,6.5,2,89,-67,false
R-1001,4,140,7.2,2,92,-70,false
R-1001,5,145,4.4,2,95,-69,false
R-1001,6,150,5.1,2,98,-68,false
R-1001,7,120,5.8,2,101,-67,false
R-1001,8,125,6.5,2,104,-70,false
R-1001,9,230,14.0,6,120,-81,true
R-1001,10,235,11.2,6,123,-80,true
R-1001,11,240,11.9,6,126,-79,true
R-1001,12,245,12.6,6,129,-82,true
R-1001,13,250,13.3,6,132,-81,true
R-1001,14,220,14.0,6,135,-80,true
R-1001,15,225,11.2,6,138,-79,true
R-1001,16,230,11.9,6,141,-82,true
R-1001,17,235,12.6,6,144,-81,true
R-1001,18,140,6.5,2,80,-68,false
R-1001,19,145,7.2,2,83,-67,false
R-1001,20,150,4.4,2,86,-70,false
R-1001,21,120,5.1,2,89,-69,false
R-1001,22,125,5.8,2,92,-68,false
R-1001,23,130,6.5,2,95,-67,false
R-1002,0,120,4.4,2,80,-70,false
R-1002,1,125,5.1,2,83,-69,false
R-1002,2,130,5.8,2,86,-68,false
R-1002,3,135,6.5,2,89,-67,false
R-1002,4,140,7.2,2,92,-70,false
R-1002,5,145,4.4,2,95,-69,false
R-1002,6,150,5.1,2,98,-68,false
R-1002,7,120,5.8,2,101,-67,false
R-1002,8,125,6.5,2,104,-70,false
R-1002,9,230,14.0,6,120,-81,true
R-1002,10,235,11.2,6,123,-80,true
R-1002,11,240,11.9,6,126,-79,true
R-1002,12,245,12.6,6,129,-82,true
R-1002,13,250,13.3,6,132,-81,true
R-1002,14,220,14.0,6,135,-80,true
R-1002,15,225,11.2,6,138,-79,true
R-1002,16,230,11.9,6,141,-82,true
R-1002,17,235,12.6,6,144,-81,true
R-1002,18,140,6.5,2,80,-68,false
R-1002,19,145,7.2,2,83,-67,false
R-1002,20,150,4.4,2,86,-70,false
R-1002,21,120,5.1,2,89,-69,false
R-1002,22,125,5.8,2,92,-68,false
R-1002,23,130,6.5,2,95,-67,false
R-1003,0,120,4.4,2,80,-70,false
R-1003,1,125,5.1,2,83,-69,false
R-1003,2,130,5.8,2,86,-68,false
R-1003,3,135,6.5,2,89,-67,false
R-1003,4,140,7.2,2,92,-70,false
R-1003,5,145,4.4,2,95,-69,false
R-1003,6,150,5.1,2,98,-68,false
R-1003,7,120,5.8,2,101,-67,false
R-1003,8,125,6.5,2,104,-70,false
R-1003,9,130,7.2,2,80,-69,false
R-1003,10,135,4.4,2,83,-68,false
R-1003,11,140,5.1,2,86,-67,false
R-1003,12,145,5.8,2,89,-70,false
R-1003,13,150,6.5,2,92,-69,false
R-1003,14,120,7.2,2,95,-68,false
R-1003,15,125,4.4,2,98,-67,false
R-1003,16,230,11.9,6,141,-82,true
R-1003,17,235,12.6,6,144,-81,true
R-1003,18,240,13.3,6,120,-80,true
R-1003,19,245,14.0,6,123,-79,true
R-1003,20,150,4.4,2,86,-70,false
R-1003,21,120,5.1,2,89,-69,false
R-1003,22,125,5.8,2,92,-68,false
R-1003,23,130,6.5,2,95,-67,false
R-1004,0,120,4.4,2,80,-70,false
R-1004,1,125,5.1,2,83,-69,false
R-1004,2,130,5.8,2,86,-68,false
R-1004,3,135,6.5,2,89,-67,false
R-1004,4,140,7.2,2,92,-70,false
R-1004,5,145,4.4,2,95,-69,false
R-1004,6,150,5.1,2,98,-68,false
R-1004,7,120,5.8,2,101,-67,false
R-1004,8,125,6.5,2,104,-70,false
R-1004,9,130,7.2,2,80,-69,false
R-1004,10,135,4.4,2,83,-68,false
R-1004,11,140,5.1,2,86,-67,false
R-1004,12,145,5.8,2,89,-70,false
R-1004,13,150,6.5,2,92,-69,false
R-1004,14,120,7.2,2,95,-68,false
R-1004,15,125,4.4,2,98,-67,false
R-1004,16,230,11.9,6,141,-82,true
R-1004,17,235,12.6,6,144,-81,true
R-1004,18,240,13.3,6,120,-80,true
R-1004,19,245,14.0,6,123,-79,true
R-1004,20,150,4.4,2,86,-70,false
R-1004,21,120,5.1,2,89,-69,false
R-1004,22,125,5.8,2,92,-68,false
R-1004,23,130,6.5,2,95,-67,false
R-1005,0,120,4.4,2,80,-70,false
R-1005,1,125,5.1,2,83,-69,false
R-1005,2,130,5.8,2,86,-68,false
R-1005,3,135,6.5,2,89,-67,false
R-1005,4,140,7.2,2,92,-70,false
R-1005,5,145,4.4,2,95,-69,false
R-1005,6,150,5.1,2,98,-68,false
R-1005,7,120,5.8,2,101,-67,false
R-1005,8,125,6.5,2,104,-70,false
R-1005,9,130,7.2,2,80,-69,false
R-1005,10,135,4.4,2,83,-68,false
R-1005,11,140,5.1,2,86,-67,false
R-1005,12,145,5.8,2,89,-70,false
R-1005,13,150,6.5,2,92,-69,false
R-1005,14,120,7.2,2,95,-68,false
R-1005,15,125,4.4,2,98,-67,false
R-1005,16,230,11.9,6,141,-82,true
R-1005,17,235,12.6,6,144,-81,true
R-1005,18,240,13.3,6,120,-80,true
R-1005,19,245,14.0,6,123,-79,true
R-1005,20,150,4.4,2,86,-70,false
R-1005,21,120,5.1,2,89,-69,false
R-1005,22,125,5.8,2,92,-68,false
R-1005,23,130,6.5,2,95,-67,false
R-1006,0,70,1.2,1,50,-60,false
R-1006,1,75,1.9,1,53,-59,false
R-1006,2,80,2.6,1,56,-58,false
R-1006,3,85,3.3,1,59,-57,false
R-1006,4,90,4.0,1,62,-60,false
R-1006,5,95,1.2,1,65,-59,false
R-1006,6,100,1.9,1,68,-58,false
R-1006,7,70,2.6,1,71,-57,false
R-1006,8,75,3.3,1,74,-60,false
R-1006,9,80,4.0,1,50,-59,false
R-1006,10,85,1.2,1,53,-58,false
R-1006,11,90,1.9,1,56,-57,false
R-1006,12,95,2.6,1,59,-60,false
R-1006,13,100,3.3,1,62,-59,false
R-1006,14,70,4.0,1,65,-58,false
R-1006,15,75,1.2,1,68,-57,false
R-1006,16,80,1.9,1,71,-60,false
R-1006,17,85,2.6,1,74,-59,false
R-1006,18,90,3.3,1,50,-58,false
R-1006,19,95,4.0,1,53,-57,false
R-1006,20,250,11.2,6,126,-82,true
R-1006,21,70,1.9,1,59,-59,false
R-1006,22,75,2.6,1,62,-58,false
R-1006,23,80,3.3,1,65,-57,false
R-1007,0,70,1.2,1,50,-60,false
R-1007,1,75,1.9,1,53,-59,false
R-1007,2,80,2.6,1,56,-58,false
R-1007,3,85,3.3,1,59,-57,false
R-1007,4,90,4.0,1,62,-60,false
R-1007,5,95,1.2,1,65,-59,false
R-1007,6,100,1.9,1,68,-58,false
R-1007,7,70,2.6,1,71,-57,false
R-1007,8,75,3.3,1,74,-60,false
R-1007,9,80,4.0,1,50,-59,false
R-1007,10,85,1.2,1,53,-58,false
R-1007,11,90,1.9,1,56,-57,false
R-1007,12,95,2.6,1,59,-60,false
R-1007,13,100,3.3,1,62,-59,false
R-1007,14,70,4.0,1,65,-58,false
R-1007,15,75,1.2,1,68,-57,false
R-1007,16,80,1.9,1,71,-60,false
R-1007,17,85,2.6,1,74,-59,false
R-1007,18,90,3.3,1,50,-58,false
R-1007,19,95,4.0,1,53,-57,false
R-1007,20,250,11.2,6,126,-82,true
R-1007,21,70,1.9,1,59,-59,false
R-1007,22,75,2.6,1,62,-58,false
R-1007,23,80,3.3,1,65,-57,false
R-1008,0,70,1.2,1,50,-60,false
R-1008,1,75,1.9,1,53,-59,false
R-1008,2,80,2.6,1,56,-58,false
R-1008,3,85,3.3,1,59,-57,false
R-1008,4,90,4.0,1,62,-60,false
R-1008,5,95,1.2,1,65,-59,false
R-1008,6,100,1.9,1,68,-58,false
R-1008,7,70,2.6,1,71,-57,false
R-1008,8,75,3.3,1,74,-60,false
R-1008,9,80,4.0,1,50,-59,false
R-1008,10,85,1.2,1,53,-58,false
R-1008,11,90,1.9,1,56,-57,false
R-1008,12,95,2.6,1,59,-60,false
R-1008,13,100,3.3,1,62,-59,false
R-1008,14,70,4.0,1,65,-58,false
R-1008,15,75,1.2,1,68,-57,false
R-1008,16,80,1.9,1,71,-60,false
R-1008,17,85,2.6,1,74,-59,false
R-1008,18,90,3.3,1,50,-58,false
R-1008,19,95,4.0,1,53,-57,false
R-1008,20,100,1.2,1,56,-60,false
R-1008,21,70,1.9,1,59,-59,false
R-1008,22,75,2.6,1,62,-58,false
R-1008,23,80,3.3,1,65,-57,false
R-1009,0,70,1.2,1,50,-60,false
R-1009,1,75,1.9,1,53,-59,false
R-1009,2,80,2.6,1,56,-58,false
R-1009,3,85,3.3,1,59,-57,false
R-1009,4,90,4.0,1,62,-60,false
R-1009,5,95,1.2,1,65,-59,false
R-1009,6,100,1.9,1,68,-58,false
R-1009,7,70,2.6,1,71,-57,false
R-1009,8,75,3.3,1,74,-60,false
R-1009,9,80,4.0,1,50,-59,false
R-1009,10,85,1.2,1,53,-58,false
R-1009,11,90,1.9,1,56,-57,false
R-1009,12,95,2.6,1,59,-60,false
R-1009,13,100,3.3,1,62,-59,false
R-1009,14,70,4.0,1,65,-58,false
R-1009,15,75,1.2,1,68,-57,false
R-1009,16,80,1.9,1,71,-60,false
R-1009,17,85,2.6,1,74,-59,false
R-1009,18,90,3.3,1,50,-58,false
R-1009,19,95,4.0,1,53,-57,false
R-1009,20,100,1.2,1,56,-60,false
R-1009,21,70,1.9,1,59,-59,false
R-1009,22,75,2.6,1,62,-58,false
R-1009,23,80,3.3,1,65,-57,false
R-1010,0,120,4.4,2,80,-70,false
R-1010,1,125,5.1,2,83,-69,false
R-1010,2,130,5.8,2,86,-68,false
R-1010,3,135,6.5,2,89,-67,false
R-1010,4,140,7.2,2,92,-70,false
R-1010,5,145,4.4,2,95,-69,false
R-1010,6,150,5.1,2,98,-68,false
R-1010,7,120,5.8,2,101,-67,false
R-1010,8,125,6.5,2,104,-70,false
R-1010,9,230,14.0,6,120,-81,true
R-1010,10,235,11.2,6,123,-80,true
R-1010,11,240,11.9,6,126,-79,true
R-1010,12,245,12.6,6,129,-82,true
R-1010,13,250,13.3,6,132,-81,true
R-1010,14,220,14.0,6,135,-80,true
R-1010,15,225,11.2,6,138,-79,true
R-1010,16,230,11.9,6,141,-82,true
R-1010,17,235,12.6,6,144,-81,true
R-1010,18,140,6.5,2,80,-68,false
R-1010,19,145,7.2,2,83,-67,false
R-1010,20,150,4.4,2,86,-70,false
R-1010,21,120,5.1,2,89,-69,false
R-1010,22,125,5.8,2,92,-68,false
R-1010,23,130,6.5,2,95,-67,false
R-1011,0,120,4.4,2,80,-70,false
R-1011,1,125,5.1,2,83,-69,false
R-1011,2,130,5.8,2,86,-68,false
R-1011,3,135,6.5,2,89,-67,false
R-1011,4,140,7.2,2,92,-70,false
R-1011,5,145,4.4,2,95,-69,false
R-1011,6,150,5.1,2,98,-68,false
R-1011,7,120,5.8,2,101,-67,false
R-1011,8,125,6.5,2,104,-70,false
R-1011,9,130,7.2,2,80,-69,false
R-1011,10,135,4.4,2,83,-68,false
R-1011,11,140,5.1,2,86,-67,false
R-1011,12,145,5.8,2,89,-70,false
R-1011,13,150,6.5,2,92,-69,false
R-1011,14,120,7.2,2,95,-68,false
R-1011,15,125,4.4,2,98,-67,false
R-1011,16,230,11.9,6,141,-82,true
R-1011,17,235,12.6,6,144,-81,true
R-1011,18,240,13.3,6,120,-80,true
R-1011,19,245,14.0,6,123,-79,true
R-1011,20,150,4.4,2,86,-70,false
R-1011,21,120,5.1,2,89,-69,false
R-1011,22,125,5.8,2,92,-68,false
R-1011,23,130,6.5,2,95,-67,false
R-1012,0,120,4.4,2,80,-70,false
R-1012,1,125,5.1,2,83,-69,false
R-1012,2,130,5.8,2,86,-68,false
R-1012,3,135,6.5,2,89,-67,false
R-1012,4,140,7.2,2,92,-70,false
R-1012,5,145,4.4,2,95,-69,false
R-1012,6,150,5.1,2,98,-68,false
R-1012,7,120,5.8,2,101,-67,false
R-1012,8,125,6.5,2,104,-70,false
R-1012,9,130,7.2,2,80,-69,false
R-1012,10,135,4.4,2,83,-68,false
R-1012,11,140,5.1,2,86,-67,false
R-1012,12,145,5.8,2,89,-70,false
R-1012,13,150,6.5,2,92,-69,false
R-1012,14,120,7.2,2,95,-68,false
R-1012,15,125,4.4,2,98,-67,false
R-1012,16,230,11.9,6,141,-82,true
R-1012,17,235,12.6,6,144,-81,true
R-1012,18,240,13.3,6,120,-80,true
R-1012,19,245,14.0,6,123,-79,true
R-1012,20,150,4.4,2,86,-70,false
R-1012,21,120,5.1,2,89,-69,false
R-1012,22,125,5.8,2,92,-68,false
R-1012,23,130,6.5,2,95,-67,false
R-1013,0,120,4.4,2,80,-70,false
R-1013,1,125,5.1,2,83,-69,false
R-1013,2,130,5.8,2,86,-68,false
R-1013,3,135,6.5,2,89,-67,false
R-1013,4,140,7.2,2,92,-70,false
R-1013,5,145,4.4,2,95,-69,false
R-1013,6,150,5.1,2,98,-68,false
R-1013,7,120,5.8,2,101,-67,false
R-1013,8,125,6.5,2,104,-70,false
R-1013,9,130,7.2,2,80,-69,false
R-1013,10,135,4.4,2,83,-68,false
R-1013,11,140,5.1,2,86,-67,false
R-1013,12,145,5.8,2,89,-70,false
R-1013,13,150,6.5,2,92,-69,false
R-1013,14,120,7.2,2,95,-68,false
R-1013,15,125,4.4,2,98,-67,false
R-1013,16,230,11.9,6,141,-82,true
R-1013,17,235,12.6,6,144,-81,true
R-1013,18,240,13.3,6,120,-80,true
R-1013,19,245,14.0,6,123,-79,true
R-1013,20,150,4.4,2,86,-70,false
R-1013,21,120,5.1,2,89,-69,false
R-1013,22,125,5.8,2,92,-68,false
R-1013,23,130,6.5,2,95,-67,false
R-1014,0,120,4.4,2,80,-70,false
R-1014,1,125,5.1,2,83,-69,false
R-1014,2,130,5.8,2,86,-68,false
R-1014,3,135,6.5,2,89,-67,false
R-1014,4,140,7.2,2,92,-70,false
R-1014,5,145,4.4,2,95,-69,false
R-1014,6,150,5.1,2,98,-68,false
R-1014,7,120,5.8,2,101,-67,false
R-1014,8,125,6.5,2,104,-70,false
R-1014,9,130,7.2,2,80,-69,false
R-1014,10,135,4.4,2,83,-68,false
R-1014,11,140,5.1,2,86,-67,false
R-1014,12,145,5.8,2,89,-70,false
R-1014,13,150,6.5,2,92,-69,false
R-1014,14,120,7.2,2,95,-68,false
R-1014,15,125,4.4,2,98,-67,false
R-1014,16,230,11.9,6,141,-82,true
R-1014,17,235,12.6,6,144,-81,true
R-1014,18,240,13.3,6,120,-80,true
R-1014,19,245,14.0,6,123,-79,true
R-1014,20,150,4.4,2,86,-70,false
R-1014,21,120,5.1,2,89,-69,false
R-1014,22,125,5.8,2,92,-68,false
R-1014,23,130,6.5,2,95,-67,false
R-1015,0,70,1.2,1,50,-60,false
R-1015,1,75,1.9,1,53,-59,false
R-1015,2,80,2.6,1,56,-58,false
R-1015,3,85,3.3,1,59,-57,false
R-1015,4,90,4.0,1,62,-60,false
R-1015,5,95,1.2,1,65,-59,false
R-1015,6,100,1.9,1,68,-58,false
R-1015,7,70,2.6,1,71,-57,false
R-1015,8,75,3.3,1,74,-60,false
R-1015,9,80,4.0,1,50,-59,false
R-1015,10,85,1.2,1,53,-58,false
R-1015,11,90,1.9,1,56,-57,false
R-1015,12,95,2.6,1,59,-60,false
R-1015,13,100,3.3,1,62,-59,false
R-1015,14,70,4.0,1,65,-58,false
R-1015,15,75,1.2,1,68,-57,false
R-1015,16,80,1.9,1,71,-60,false
R-1015,17,85,2.6,1,74,-59,false
R-1015,18,90,3.3,1,50,-58,false
R-1015,19,95,4.0,1,53,-57,false
R-1015,20,250,11.2,6,126,-82,true
R-1015,21,70,1.9,1,59,-59,false
R-1015,22,75,2.6,1,62,-58,false
R-1015,23,80,3.3,1,65,-57,false
R-1016,0,70,1.2,1,50,-60,false
R-1016,1,75,1.9,1,53,-59,false
R-1016,2,80,2.6,1,56,-58,false
R-1016,3,85,3.3,1,59,-57,false
R-1016,4,90,4.0,1,62,-60,false
R-1016,5,95,1.2,1,65,-59,false
R-1016,6,100,1.9,1,68,-58,false
R-1016,7,70,2.6,1,71,-57,false
R-1016,8,75,3.3,1,74,-60,false
R-1016,9,80,4.0,1,50,-59,false
R-1016,10,85,1.2,1,53,-58,false
R-1016,11,90,1.9,1,56,-57,false
R-1016,12,95,2.6,1,59,-60,false
R-1016,13,100,3.3,1,62,-59,false
R-1016,14,70,4.0,1,65,-58,false
R-1016,15,75,1.2,1,68,-57,false
R-1016,16,80,1.9,1,71,-60,false
R-1016,17,85,2.6,1,74,-59,false
R-1016,18,90,3.3,1,50,-58,false
R-1016,19,95,4.0,1,53,-57,false
R-1016,20,100,1.2,1,56,-60,false
R-1016,21,70,1.9,1,59,-59,false
R-1016,22,75,2.6,1,62,-58,false
R-1016,23,80,3.3,1,65,-57,false
R-1017,0,70,1.2,1,50,-60,false
R-1017,1,75,1.9,1,53,-59,false
R-1017,2,80,2.6,1,56,-58,false
R-1017,3,85,3.3,1,59,-57,false
R-1017,4,90,4.0,1,62,-60,false
R-1017,5,95,1.2,1,65,-59,false
R-1017,6,100,1.9,1,68,-58,false
R-1017,7,70,2.6,1,71,-57,false
R-1017,8,75,3.3,1,74,-60,false
R-1017,9,80,4.0,1,50,-59,false
R-1017,10,85,1.2,1,53,-58,false
R-1017,11,90,1.9,1,56,-57,false
R-1017,12,95,2.6,1,59,-60,false
R-1017,13,100,3.3,1,62,-59,false
R-1017,14,70,4.0,1,65,-58,false
R-1017,15,75,1.2,1,68,-57,false
R-1017,16,80,1.9,1,71,-60,false
R-1017,17,85,2.6,1,74,-59,false
R-1017,18,90,3.3,1,50,-58,false
R-1017,19,95,4.0,1,53,-57,false
R-1017,20,100,1.2,1,56,-60,false
R-1017,21,70,1.9,1,59,-59,false
R-1017,22,75,2.6,1,62,-58,false
R-1017,23,80,3.3,1,65,-57,false
R-1018,0,120,4.4,2,80,-70,false
R-1018,1,125,5.1,2,83,-69,false
R-1018,2,130,5.8,2,86,-68,false
R-1018,3,135,6.5,2,89,-67,false
R-1018,4,140,7.2,2,92,-70,false
R-1018,5,145,4.4,2,95,-69,false
R-1018,6,150,5.1,2,98,-68,false
R-1018,7,120,5.8,2,101,-67,false
R-1018,8,125,6.5,2,104,-70,false
R-1018,9,230,14.0,6,120,-81,true
R-1018,10,235,11.2,6,123,-80,true
R-1018,11,240,11.9,6,126,-79,true
R-1018,12,245,12.6,6,129,-82,true
R-1018,13,250,13.3,6,132,-81,true
R-1018,14,220,14.0,6,135,-80,true
R-1018,15,225,11.2,6,138,-79,true
R-1018,16,230,11.9,6,141,-82,true
R-1018,17,235,12.6,6,144,-81,true
R-1018,18,140,6.5,2,80,-68,false
R-1018,19,145,7.2,2,83,-67,false
R-1018,20,150,4.4,2,86,-70,false
R-1018,21,120,5.1,2,89,-69,false
R-1018,22,125,5.8,2,92,-68,false
R-1018,23,130,6.5,2,95,-67,false
R-1019,0,120,4.4,2,80,-70,false
R-1019,1,125,5.1,2,83,-69,false
R-1019,2,130,5.8,2,86,-68,false
R-1019,3,135,6.5,2,89,-67,false
R-1019,4,140,7.2,2,92,-70,false
R-1019,5,145,4.4,2,95,-69,false
R-1019,6,150,5.1,2,98,-68,false
R-1019,7,120,5.8,2,101,-67,false
R-1019,8,125,6.5,2,104,-70,false
R-1019,9,130,7.2,2,80,-69,false
R-1019,10,135,4.4,2,83,-68,false
R-1019,11,140,5.1,2,86,-67,false
R-1019,12,145,5.8,2,89,-70,false
R-1019,13,150,6.5,2,92,-69,false
R-1019,14,120,7.2,2,95,-68,false
R-1019,15,125,4.4,2,98,-67,false
R-1019,16,230,11.9,6,141,-82,true
R-1019,17,235,12.6,6,144,-81,true
R-1019,18,240,13.3,6,120,-80,true
R-1019,19,245,14.0,6,123,-79,true
R-1019,20,150,4.4,2,86,-70,false
R-1019,21,120,5.1,2,89,-69,false
R-1019,22,125,5.8,2,92,-68,false
R-1019,23,130,6.5,2,95,-67,false
R-1020,0,120,4.4,2,80,-70,false
R-1020,1,125,5.1,2,83,-69,false
R-1020,2,130,5.8,2,86,-68,false
R-1020,3,135,6.5,2,89,-67,false
R-1020,4,140,7.2,2,92,-70,false
R-1020,5,145,4.4,2,95,-69,false
R-1020,6,150,5.1,2,98,-68,false
R-1020,7,120,5.8,2,101,-67,false
R-1020,8,125,6.5,2,104,-70,false
R-1020,9,130,7.2,2,80,-69,false
R-1020,10,135,4.4,2,83,-68,false
R-1020,11,140,5.1,2,86,-67,false
R-1020,12,145,5.8,2,89,-70,false
R-1020,13,150,6.5,2,92,-69,false
R-1020,14,120,7.2,2,95,-68,false
R-1020,15,125,4.4,2,98,-67,false
R-1020,16,230,11.9,6,141,-82,true
R-1020,17,235,12.6,6,144,-81,true
R-1020,18,240,13.3,6,120,-80,true
R-1020,19,245,14.0,6,123,-79,true
R-1020,20,150,4.4,2,86,-70,false
R-1020,21,120,5.1,2,89,-69,false
R-1020,22,125,5.8,2,92,-68,false
R-1020,23,130,6.5,2,95,-67,false
R-1021,0,120,4.4,2,80,-70,false
R-1021,1,125,5.1,2,83,-69,false
R-1021,2,130,5.8,2,86,-68,false
R-1021,3,135,6.5,2,89,-67,false
R-1021,4,140,7.2,2,92,-70,false
R-1021,5,145,4.4,2,95,-69,false
R-1021,6,150,5.1,2,98,-68,false
R-1021,7,120,5.8,2,101,-67,false
R-1021,8,125,6.5,2,104,-70,false
R-1021,9,130,7.2,2,80,-69,false
R-1021,10,135,4.4,2,83,-68,false
R-1021,11,140,5.1,2,86,-67,false
R-1021,12,145,5.8,2,89,-70,false
R-1021,13,150,6.5,2,92,-69,false
R-1021,14,120,7.2,2,95,-68,false
R-1021,15,125,4.4,2,98,-67,false
R-1021,16,230,11.9,6,141,-82,true
R-1021,17,235,12.6,6,144,-81,true
R-1021,18,240,13.3,6,120,-80,true
R-1021,19,245,14.0,6,123,-79,true
R-1021,20,150,4.4,2,86,-70,false
R-1021,21,120,5.1,2,89,-69,false
R-1021,22,125,5.8,2,92,-68,false
R-1021,23,130,6.5,2,95,-67,false
R-1022,0,120,4.4,2,80,-70,false
R-1022,1,125,5.1,2,83,-69,false
R-1022,2,130,5.8,2,86,-68,false
R-1022,3,135,6.5,2,89,-67,false
R-1022,4,140,7.2,2,92,-70,false
R-1022,5,145,4.4,2,95,-69,false
R-1022,6,150,5.1,2,98,-68,false
R-1022,7,120,5.8,2,101,-67,false
R-1022,8,125,6.5,2,104,-70,false
R-1022,9,130,7.2,2,80,-69,false
R-1022,10,135,4.4,2,83,-68,false
R-1022,11,140,5.1,2,86,-67,false
R-1022,12,145,5.8,2,89,-70,false
R-1022,13,150,6.5,2,92,-69,false
R-1022,14,120,7.2,2,95,-68,false
R-1022,15,125,4.4,2,98,-67,false
R-1022,16,230,11.9,6,141,-82,true
R-1022,17,235,12.6,6,144,-81,true
R-1022,18,240,13.3,6,120,-80,true
R-1022,19,245,14.0,6,123,-79,true
R-1022,20,150,4.4,2,86,-70,false
R-1022,21,120,5.1,2,89,-69,false
R-1022,22,125,5.8,2,92,-68,false
R-1022,23,130,6.5,2,95,-67,false
R-1023,0,70,1.2,1,50,-60,false
R-1023,1,75,1.9,1,53,-59,false
R-1023,2,80,2.6,1,56,-58,false
R-1023,3,85,3.3,1,59,-57,false
R-1023,4,90,4.0,1,62,-60,false
R-1023,5,95,1.2,1,65,-59,false
R-1023,6,100,1.9,1,68,-58,false
R-1023,7,70,2.6,1,71,-57,false
R-1023,8,75,3.3,1,74,-60,false
R-1023,9,80,4.0,1,50,-59,false
R-1023,10,85,1.2,1,53,-58,false
R-1023,11,90,1.9,1,56,-57,false
R-1023,12,95,2.6,1,59,-60,false
R-1023,13,100,3.3,1,62,-59,false
R-1023,14,70,4.0,1,65,-58,false
R-1023,15,75,1.2,1,68,-57,false
R-1023,16,80,1.9,1,71,-60,false
R-1023,17,85,2.6,1,74,-59,false
R-1023,18,90,3.3,1,50,-58,false
R-1023,19,95,4.0,1,53,-57,false
R-1023,20,250,11.2,6,126,-82,true
R-1023,21,70,1.9,1,59,-59,false
R-1023,22,75,2.6,1,62,-58,false
R-1023,23,80,3.3,1,65,-57,false
R-1024,0,70,1.2,1,50,-60,false
R-1024,1,75,1.9,1,53,-59,false
R-1024,2,80,2.6,1,56,-58,false
R-1024,3,85,3.3,1,59,-57,false
R-1024,4,90,4.0,1,62,-60,false
R-1024,5,95,1.2,1,65,-59,false
R-1024,6,100,1.9,1,68,-58,false
R-1024,7,70,2.6,1,71,-57,false
R-1024,8,75,3.3,1,74,-60,false
R-1024,9,80,4.0,1,50,-59,false
R-1024,10,85,1.2,1,53,-58,false
R-1024,11,90,1.9,1,56,-57,false
R-1024,12,95,2.6,1,59,-60,false
R-1024,13,100,3.3,1,62,-59,false
R-1024,14,70,4.0,1,65,-58,false
R-1024,15,75,1.2,1,68,-57,false
R-1024,16,80,1.9,1,71,-60,false
R-1024,17,85,2.6,1,74,-59,false
R-1024,18,90,3.3,1,50,-58,false
R-1024,19,95,4.0,1,53,-57,false
R-1024,20,100,1.2,1,56,-60,false
R-1024,21,70,1.9,1,59,-59,false
R-1024,22,75,2.6,1,62,-58,false
R-1024,23,80,3.3,1,65,-57,false
R-1025,0,70,1.2,1,50,-60,false
R-1025,1,75,1.9,1,53,-59,false
R-1025,2,80,2.6,1,56,-58,false
R-1025,3,85,3.3,1,59,-57,false
R-1025,4,90,4.0,1,62,-60,false
R-1025,5,95,1.2,1,65,-59,false
R-1025,6,100,1.9,1,68,-58,false
R-1025,7,70,2.6,1,71,-57,false
R-1025,8,75,3.3,1,74,-60,false
R-1025,9,80,4.0,1,50,-59,false
R-1025,10,85,1.2,1,53,-58,false
R-1025,11,90,1.9,1,56,-57,false
R-1025,12,95,2.6,1,59,-60,false
R-1025,13,100,3.3,1,62,-59,false
R-1025,14,70,4.0,1,65,-58,false
R-1025,15,75,1.2,1,68,-57,false
R-1025,16,80,1.9,1,71,-60,false
R-1025,17,85,2.6,1,74,-59,false
R-1025,18,90,3.3,1,50,-58,false
R-1025,19,95,4.0,1,53,-57,false
R-1025,20,100,1.2,1,56,-60,false
R-1025,21,70,1.9,1,59,-59,false
R-1025,22,75,2.6,1,62,-58,false
R-1025,23,80,3.3,1,65,-57,false
R-1026,0,120,4.4,2,80,-70,false
R-1026,1,125,5.1,2,83,-69,false
R-1026,2,130,5.8,2,86,-68,false
R-1026,3,135,6.5,2,89,-67,false
R-1026,4,140,7.2,2,92,-70,false
R-1026,5,145,4.4,2,95,-69,false
R-1026,6,150,5.1,2,98,-68,false
R-1026,7,120,5.8,2,101,-67,false
R-1026,8,125,6.5,2,104,-70,false
R-1026,9,230,14.0,6,120,-81,true
R-1026,10,235,11.2,6,123,-80,true
R-1026,11,240,11.9,6,126,-79,true
R-1026,12,245,12.6,6,129,-82,true
R-1026,13,250,13.3,6,132,-81,true
R-1026,14,220,14.0,6,135,-80,true
R-1026,15,225,11.2,6,138,-79,true
R-1026,16,230,11.9,6,141,-82,true
R-1026,17,235,12.6,6,144,-81,true
R-1026,18,140,6.5,2,80,-68,false
R-1026,19,145,7.2,2,83,-67,false
R-1026,20,150,4.4,2,86,-70,false
R-1026,21,120,5.1,2,89,-69,false
R-1026,22,125,5.8,2,92,-68,false
R-1026,23,130,6.5,2,95,-67,false
R-1027,0,120,4.4,2,80,-70,false
R-1027,1,125,5.1,2,83,-69,false
R-1027,2,130,5.8,2,86,-68,false
R-1027,3,135,6.5,2,89,-67,false
R-1027,4,140,7.2,2,92,-70,false
R-1027,5,145,4.4,2,95,-69,false
R-1027,6,150,5.1,2,98,-68,false
R-1027,7,120,5.8,2,101,-67,false
R-1027,8,125,6.5,2,104,-70,false
R-1027,9,230,14.0,6,120,-81,true
R-1027,10,235,11.2,6,123,-80,true
R-1027,11,240,11.9,6,126,-79,true
R-1027,12,245,12.6,6,129,-82,true
R-1027,13,250,13.3,6,132,-81,true
R-1027,14,220,14.0,6,135,-80,true
R-1027,15,225,11.2,6,138,-79,true
R-1027,16,230,11.9,6,141,-82,true
R-1027,17,235,12.6,6,144,-81,true
R-1027,18,140,6.5,2,80,-68,false
R-1027,19,145,7.2,2,83,-67,false
R-1027,20,150,4.4,2,86,-70,false
R-1027,21,120,5.1,2,89,-69,false
R-1027,22,125,5.8,2,92,-68,false
R-1027,23,130,6.5,2,95,-67,false
R-1028,0,120,4.4,2,80,-70,false
R-1028,1,125,5.1,2,83,-69,false
R-1028,2,130,5.8,2,86,-68,false
R-1028,3,135,6.5,2,89,-67,false
R-1028,4,140,7.2,2,92,-70,false
R-1028,5,145,4.4,2,95,-69,false
R-1028,6,150,5.1,2,98,-68,false
R-1028,7,120,5.8,2,101,-67,false
R-1028,8,125,6.5,2,104,-70,false
R-1028,9,130,7.2,2,80,-69,false
R-1028,10,135,4.4,2,83,-68,false
R-1028,11,140,5.1,2,86,-67,false
R-1028,12,145,5.8,2,89,-70,false
R-1028,13,150,6.5,2,92,-69,false
R-1028,14,120,7.2,2,95,-68,false
R-1028,15,125,4.4,2,98,-67,false
R-1028,16,230,11.9,6,141,-82,true
R-1028,17,235,12.6,6,144,-81,true
R-1028,18,240,13.3,6,120,-80,true
R-1028,19,245,14.0,6,123,-79,true
R-1028,20,150,4.4,2,86,-70,false
R-1028,21,120,5.1,2,89,-69,false
R-1028,22,125,5.8,2,92,-68,false
R-1028,23,130,6.5,2,95,-67,false
R-1029,0,120,4.4,2,80,-70,false
R-1029,1,125,5.1,2,83,-69,false
R-1029,2,130,5.8,2,86,-68,false
R-1029,3,135,6.5,2,89,-67,false
R-1029,4,140,7.2,2,92,-70,false
R-1029,5,145,4.4,2,95,-69,false
R-1029,6,150,5.1,2,98,-68,false
R-1029,7,120,5.8,2,101,-67,false
R-1029,8,125,6.5,2,104,-70,false
R-1029,9,130,7.2,2,80,-69,false
R-1029,10,135,4.4,2,83,-68,false
R-1029,11,140,5.1,2,86,-67,false
R-1029,12,145,5.8,2,89,-70,false
R-1029,13,150,6.5,2,92,-69,false
R-1029,14,120,7.2,2,95,-68,false
R-1029,15,125,4.4,2,98,-67,false
R-1029,16,230,11.9,6,141,-82,true
R-1029,17,235,12.6,6,144,-81,true
R-1029,18,240,13.3,6,120,-80,true
R-1029,19,245,14.0,6,123,-79,true
R-1029,20,150,4.4,2,86,-70,false
R-1029,21,120,5.1,2,89,-69,false
R-1029,22,125,5.8,2,92,-68,false
R-1029,23,130,6.5,2,95,-67,false
R-1030,0,120,4.4,2,80,-70,false
R-1030,1,125,5.1,2,83,-69,false
R-1030,2,130,5.8,2,86,-68,false
R-1030,3,135,6.5,2,89,-67,false
R-1030,4,140,7.2,2,92,-70,false
R-1030,5,145,4.4,2,95,-69,false
R-1030,6,150,5.1,2,98,-68,false
R-1030,7,120,5.8,2,101,-67,false
R-1030,8,125,6.5,2,104,-70,false
R-1030,9,130,7.2,2,80,-69,false
R-1030,10,135,4.4,2,83,-68,false
R-1030,11,140,5.1,2,86,-67,false
R-1030,12,145,5.8,2,89,-70,false
R-1030,13,150,6.5,2,92,-69,false
R-1030,14,120,7.2,2,95,-68,false
R-1030,15,125,4.4,2,98,-67,false
R-1030,16,230,11.9,6,141,-82,true
R-1030,17,235,12.6,6,144,-81,true
R-1030,18,240,13.3,6,120,-80,true
R-1030,19,245,14.0,6,123,-79,true
R-1030,20,150,4.4,2,86,-70,false
R-1030,21,120,5.1,2,89,-69,false
R-1030,22,125,5.8,2,92,-68,false
R-1030,23,130,6.5,2,95,-67,false
R-1031,0,70,1.2,1,50,-60,false
R-1031,1,75,1.9,1,53,-59,false
R-1031,2,80,2.6,1,56,-58,false
R-1031,3,85,3.3,1,59,-57,false
R-1031,4,90,4.0,1,62,-60,false
R-1031,5,95,1.2,1,65,-59,false
R-1031,6,100,1.9,1,68,-58,false
R-1031,7,70,2.6,1,71,-57,false
R-1031,8,75,3.3,1,74,-60,false
R-1031,9,80,4.0,1,50,-59,false
R-1031,10,85,1.2,1,53,-58,false
R-1031,11,90,1.9,1,56,-57,false
R-1031,12,95,2.6,1,59,-60,false
R-1031,13,100,3.3,1,62,-59,false
R-1031,14,70,4.0,1,65,-58,false
R-1031,15,75,1.2,1,68,-57,false
R-1031,16,80,1.9,1,71,-60,false
R-1031,17,85,2.6,1,74,-59,false
R-1031,18,90,3.3,1,50,-58,false
R-1031,19,95,4.0,1,53,-57,false
R-1031,20,250,11.2,6,126,-82,true
R-1031,21,70,1.9,1,59,-59,false
R-1031,22,75,2.6,1,62,-58,false
R-1031,23,80,3.3,1,65,-57,false
R-1032,0,70,1.2,1,50,-60,false
R-1032,1,75,1.9,1,53,-59,false
R-1032,2,80,2.6,1,56,-58,false
R-1032,3,85,3.3,1,59,-57,false
R-1032,4,90,4.0,1,62,-60,false
R-1032,5,95,1.2,1,65,-59,false
R-1032,6,100,1.9,1,68,-58,false
R-1032,7,70,2.6,1,71,-57,false
R-1032,8,75,3.3,1,74,-60,false
R-1032,9,80,4.0,1,50,-59,false
R-1032,10,85,1.2,1,53,-58,false
R-1032,11,90,1.9,1,56,-57,false
R-1032,12,95,2.6,1,59,-60,false
R-1032,13,100,3.3,1,62,-59,false
R-1032,14,70,4.0,1,65,-58,false
R-1032,15,75,1.2,1,68,-57,false
R-1032,16,80,1.9,1,71,-60,false
R-1032,17,85,2.6,1,74,-59,false
R-1032,18,90,3.3,1,50,-58,false
R-1032,19,95,4.0,1,53,-57,false
R-1032,20,250,11.2,6,126,-82,true
R-1032,21,70,1.9,1,59,-59,false
R-1032,22,75,2.6,1,62,-58,false
R-1032,23,80,3.3,1,65,-57,false
R-1033,0,70,1.2,1,50,-60,false
R-1033,1,75,1.9,1,53,-59,false
R-1033,2,80,2.6,1,56,-58,false
R-1033,3,85,3.3,1,59,-57,false
R-1033,4,90,4.0,1,62,-60,false
R-1033,5,95,1.2,1,65,-59,false
R-1033,6,100,1.9,1,68,-58,false
R-1033,7,70,2.6,1,71,-57,false
R-1033,8,75,3.3,1,74,-60,false
R-1033,9,80,4.0,1,50,-59,false
R-1033,10,85,1.2,1,53,-58,false
R-1033,11,90,1.9,1,56,-57,false
R-1033,12,95,2.6,1,59,-60,false
R-1033,13,100,3.3,1,62,-59,false
R-1033,14,70,4.0,1,65,-58,false
R-1033,15,75,1.2,1,68,-57,false
R-1033,16,80,1.9,1,71,-60,false
R-1033,17,85,2.6,1,74,-59,false
R-1033,18,90,3.3,1,50,-58,false
R-1033,19,95,4.0,1,53,-57,false
R-1033,20,100,1.2,1,56,-60,false
R-1033,21,70,1.9,1,59,-59,false
R-1033,22,75,2.6,1,62,-58,false
R-1033,23,80,3.3,1,65,-57,false
R-1034,0,70,1.2,1,50,-60,false
R-1034,1,75,1.9,1,53,-59,false
R-1034,2,80,2.6,1,56,-58,false
R-1034,3,85,3.3,1,59,-57,false
R-1034,4,90,4.0,1,62,-60,false
R-1034,5,95,1.2,1,65,-59,false
R-1034,6,100,1.9,1,68,-58,false
R-1034,7,70,2.6,1,71,-57,false
R-1034,8,75,3.3,1,74,-60,false
R-1034,9,80,4.0,1,50,-59,false
R-1034,10,85,1.2,1,53,-58,false
R-1034,11,90,1.9,1,56,-57,false
R-1034,12,95,2.6,1,59,-60,false
R-1034,13,100,3.3,1,62,-59,false
R-1034,14,70,4.0,1,65,-58,false
R-1034,15,75,1.2,1,68,-57,false
R-1034,16,80,1.9,1,71,-60,false
R-1034,17,85,2.6,1,74,-59,false
R-1034,18,90,3.3,1,50,-58,false
R-1034,19,95,4.0,1,53,-57,false
R-1034,20,100,1.2,1,56,-60,false
R-1034,21,70,1.9,1,59,-59,false
R-1034,22,75,2.6,1,62,-58,false
R-1034,23,80,3.3,1,65,-57,false
R-1035,0,120,4.4,2,80,-70,false
R-1035,1,125,5.1,2,83,-69,false
R-1035,2,130,5.8,2,86,-68,false
R-1035,3,135,6.5,2,89,-67,false
R-1035,4,140,7.2,2,92,-70,false
R-1035,5,145,4.4,2,95,-69,false
R-1035,6,150,5.1,2,98,-68,false
R-1035,7,120,5.8,2,101,-67,false
R-1035,8,125,6.5,2,104,-70,false
R-1035,9,230,14.0,6,120,-81,true
R-1035,10,235,11.2,6,123,-80,true
R-1035,11,240,11.9,6,126,-79,true
R-1035,12,245,12.6,6,129,-82,true
R-1035,13,250,13.3,6,132,-81,true
R-1035,14,220,14.0,6,135,-80,true
R-1035,15,225,11.2,6,138,-79,true
R-1035,16,230,11.9,6,141,-82,true
R-1035,17,235,12.6,6,144,-81,true
R-1035,18,140,6.5,2,80,-68,false
R-1035,19,145,7.2,2,83,-67,false
R-1035,20,150,4.4,2,86,-70,false
R-1035,21,120,5.1,2,89,-69,false
R-1035,22,125,5.8,2,92,-68,false
R-1035,23,130,6.5,2,95,-67,false
R-1036,0,120,4.4,2,80,-70,false
R-1036,1,125,5.1,2,83,-69,false
R-1036,2,130,5.8,2,86,-68,false
R-1036,3,135,6.5,2,89,-67,false
R-1036,4,140,7.2,2,92,-70,false
R-1036,5,145,4.4,2,95,-69,false
R-1036,6,150,5.1,2,98,-68,false
R-1036,7,120,5.8,2,101,-67,false
R-1036,8,125,6.5,2,104,-70,false
R-1036,9,130,7.2,2,80,-69,false
R-1036,10,135,4.4,2,83,-68,false
R-1036,11,140,5.1,2,86,-67,false
R-1036,12,145,5.8,2,89,-70,false
R-1036,13,150,6.5,2,92,-69,false
R-1036,14,120,7.2,2,95,-68,false
R-1036,15,125,4.4,2,98,-67,false
R-1036,16,230,11.9,6,141,-82,true
R-1036,17,235,12.6,6,144,-81,true
R-1036,18,240,13.3,6,120,-80,true
R-1036,19,245,14.0,6,123,-79,true
R-1036,20,150,4.4,2,86,-70,false
R-1036,21,120,5.1,2,89,-69,false
R-1036,22,125,5.8,2,92,-68,false
R-1036,23,130,6.5,2,95,-67,false
R-1037,0,120,4.4,2,80,-70,false
R-1037,1,125,5.1,2,83,-69,false
R-1037,2,130,5.8,2,86,-68,false
R-1037,3,135,6.5,2,89,-67,false
R-1037,4,140,7.2,2,92,-70,false
R-1037,5,145,4.4,2,95,-69,false
R-1037,6,150,5.1,2,98,-68,false
R-1037,7,120,5.8,2,101,-67,false
R-1037,8,125,6.5,2,104,-70,false
R-1037,9,130,7.2,2,80,-69,false
R-1037,10,135,4.4,2,83,-68,false
R-1037,11,140,5.1,2,86,-67,false
R-1037,12,145,5.8,2,89,-70,false
R-1037,13,150,6.5,2,92,-69,false
R-1037,14,120,7.2,2,95,-68,false
R-1037,15,125,4.4,2,98,-67,false
R-1037,16,230,11.9,6,141,-82,true
R-1037,17,235,12.6,6,144,-81,true
R-1037,18,240,13.3,6,120,-80,true
R-1037,19,245,14.0,6,123,-79,true
R-1037,20,150,4.4,2,86,-70,false
R-1037,21,120,5.1,2,89,-69,false
R-1037,22,125,5.8,2,92,-68,false
R-1037,23,130,6.5,2,95,-67,false
R-1038,0,120,4.4,2,80,-70,false
R-1038,1,125,5.1,2,83,-69,false
R-1038,2,130,5.8,2,86,-68,false
R-1038,3,135,6.5,2,89,-67,false
R-1038,4,140,7.2,2,92,-70,false
R-1038,5,145,4.4,2,95,-69,false
R-1038,6,150,5.1,2,98,-68,false
R-1038,7,120,5.8,2,101,-67,false
R-1038,8,125,6.5,2,104,-70,false
R-1038,9,130,7.2,2,80,-69,false
R-1038,10,135,4.4,2,83,-68,false
R-1038,11,140,5.1,2,86,-67,false
R-1038,12,145,5.8,2,89,-70,false
R-1038,13,150,6.5,2,92,-69,false
R-1038,14,120,7.2,2,95,-68,false
R-1038,15,125,4.4,2,98,-67,false
R-1038,16,230,11.9,6,141,-82,true
R-1038,17,235,12.6,6,144,-81,true
R-1038,18,240,13.3,6,120,-80,true
R-1038,19,245,14.0,6,123,-79,true
R-1038,20,150,4.4,2,86,-70,false
R-1038,21,120,5.1,2,89,-69,false
R-1038,22,125,5.8,2,92,-68,false
R-1038,23,130,6.5,2,95,-67,false
R-1039,0,70,1.2,1,50,-60,false
R-1039,1,75,1.9,1,53,-59,false
R-1039,2,80,2.6,1,56,-58,false
R-1039,3,85,3.3,1,59,-57,false
R-1039,4,90,4.0,1,62,-60,false
R-1039,5,95,1.2,1,65,-59,false
R-1039,6,100,1.9,1,68,-58,false
R-1039,7,70,2.6,1,71,-57,false
R-1039,8,75,3.3,1,74,-60,false
R-1039,9,80,4.0,1,50,-59,false
R-1039,10,85,1.2,1,53,-58,false
R-1039,11,90,1.9,1,56,-57,false
R-1039,12,95,2.6,1,59,-60,false
R-1039,13,100,3.3,1,62,-59,false
R-1039,14,70,4.0,1,65,-58,false
R-1039,15,75,1.2,1,68,-57,false
R-1039,16,80,1.9,1,71,-60,false
R-1039,17,85,2.6,1,74,-59,false
R-1039,18,90,3.3,1,50,-58,false
R-1039,19,95,4.0,1,53,-57,false
R-1039,20,250,11.2,6,126,-82,true
R-1039,21,70,1.9,1,59,-59,false
R-1039,22,75,2.6,1,62,-58,false
R-1039,23,80,3.3,1,65,-57,false
R-1040,0,70,1.2,1,50,-60,false
R-1040,1,75,1.9,1,53,-59,false
R-1040,2,80,2.6,1,56,-58,false
R-1040,3,85,3.3,1,59,-57,false
R-1040,4,90,4.0,1,62,-60,false
R-1040,5,95,1.2,1,65,-59,false
R-1040,6,100,1.9,1,68,-58,false
R-1040,7,70,2.6,1,71,-57,false
R-1040,8,75,3.3,1,74,-60,false
R-1040,9,80,4.0,1,50,-59,false
R-1040,10,85,1.2,1,53,-58,false
R-1040,11,90,1.9,1,56,-57,false
R-1040,12,95,2.6,1,59,-60,false
R-1040,13,100,3.3,1,62,-59,false
R-1040,14,70,4.0,1,65,-58,false
R-1040,15,75,1.2,1,68,-57,false
R-1040,16,80,1.9,1,71,-60,false
R-1040,17,85,2.6,1,74,-59,false
R-1040,18,90,3.3,1,50,-58,false
R-1040,19,95,4.0,1,53,-57,false
R-1040,20,250,11.2,6,126,-82,true
R-1040,21,70,1.9,1,59,-59,false
R-1040,22,75,2.6,1,62,-58,false
R-1040,23,80,3.3,1,65,-57,false
R-1041,0,70,1.2,1,50,-60,false
R-1041,1,75,1.9,1,53,-59,false
R-1041,2,80,2.6,1,56,-58,false
R-1041,3,85,3.3,1,59,-57,false
R-1041,4,90,4.0,1,62,-60,false
R-1041,5,95,1.2,1,65,-59,false
R-1041,6,100,1.9,1,68,-58,false
R-1041,7,70,2.6,1,71,-57,false
R-1041,8,75,3.3,1,74,-60,false
R-1041,9,80,4.0,1,50,-59,false
R-1041,10,85,1.2,1,53,-58,false
R-1041,11,90,1.9,1,56,-57,false
R-1041,12,95,2.6,1,59,-60,false
R-1041,13,100,3.3,1,62,-59,false
R-1041,14,70,4.0,1,65,-58,false
R-1041,15,75,1.2,1,68,-57,false
R-1041,16,80,1.9,1,71,-60,false
R-1041,17,85,2.6,1,74,-59,false
R-1041,18,90,3.3,1,50,-58,false
R-1041,19,95,4.0,1,53,-57,false
R-1041,20,100,1.2,1,56,-60,false
R-1041,21,70,1.9,1,59,-59,false
R-1041,22,75,2.6,1,62,-58,false
R-1041,23,80,3.3,1,65,-57,false
R-1042,0,70,1.2,1,50,-60,false
R-1042,1,75,1.9,1,53,-59,false
R-1042,2,80,2.6,1,56,-58,false
R-1042,3,85,3.3,1,59,-57,false
R-1042,4,90,4.0,1,62,-60,false
R-1042,5,95,1.2,1,65,-59,false
R-1042,6,100,1.9,1,68,-58,false
R-1042,7,70,2.6,1,71,-57,false
R-1042,8,75,3.3,1,74,-60,false
R-1042,9,80,4.0,1,50,-59,false
R-1042,10,85,1.2,1,53,-58,false
R-1042,11,90,1.9,1,56,-57,false
R-1042,12,95,2.6,1,59,-60,false
R-1042,13,100,3.3,1,62,-59,false
R-1042,14,70,4.0,1,65,-58,false
R-1042,15,75,1.2,1,68,-57,false
R-1042,16,80,1.9,1,71,-60,false
R-1042,17,85,2.6,1,74,-59,false
R-1042,18,90,3.3,1,50,-58,false
R-1042,19,95,4.0,1,53,-57,false
R-1042,20,100,1.2,1,56,-60,false
R-1042,21,70,1.9,1,59,-59,false
R-1042,22,75,2.6,1,62,-58,false
R-1042,23,80,3.3,1,65,-57,false
R-1043,0,120,4.4,2,80,-70,false
R-1043,1,125,5.1,2,83,-69,false
R-1043,2,130,5.8,2,86,-68,false
R-1043,3,135,6.5,2,89,-67,false
R-1043,4,140,7.2,2,92,-70,false
R-1043,5,145,4.4,2,95,-69,false
R-1043,6,150,5.1,2,98,-68,false
R-1043,7,120,5.8,2,101,-67,false
R-1043,8,125,6.5,2,104,-70,false
R-1043,9,230,14.0,6,120,-81,true
R-1043,10,235,11.2,6,123,-80,true
R-1043,11,240,11.9,6,126,-79,true
R-1043,12,245,12.6,6,129,-82,true
R-1043,13,250,13.3,6,132,-81,true
R-1043,14,220,14.0,6,135,-80,true
R-1043,15,225,11.2,6,138,-79,true
R-1043,16,230,11.9,6,141,-82,true
R-1043,17,235,12.6,6,144,-81,true
R-1043,18,140,6.5,2,80,-68,false
R-1043,19,145,7.2,2,83,-67,false
R-1043,20,150,4.4,2,86,-70,false
R-1043,21,120,5.1,2,89,-69,false
R-1043,22,125,5.8,2,92,-68,false
R-1043,23,130,6.5,2,95,-67,false
R-1044,0,120,4.4,2,80,-70,false
R-1044,1,125,5.1,2,83,-69,false
R-1044,2,130,5.8,2,86,-68,false
R-1044,3,135,6.5,2,89,-67,false
R-1044,4,140,7.2,2,92,-70,false
R-1044,5,145,4.4,2,95,-69,false
R-1044,6,150,5.1,2,98,-68,false
R-1044,7,120,5.8,2,101,-67,false
R-1044,8,125,6.5,2,104,-70,false
R-1044,9,130,7.2,2,80,-69,false
R-1044,10,135,4.4,2,83,-68,false
R-1044,11,140,5.1,2,86,-67,false
R-1044,12,145,5.8,2,89,-70,false
R-1044,13,150,6.5,2,92,-69,false
R-1044,14,120,7.2,2,95,-68,false
R-1044,15,125,4.4,2,98,-67,false
R-1044,16,230,11.9,6,141,-82,true
R-1044,17,235,12.6,6,144,-81,true
R-1044,18,240,13.3,6,120,-80,true
R-1044,19,245,14.0,6,123,-79,true
R-1044,20,150,4.4,2,86,-70,false
R-1044,21,120,5.1,2,89,-69,false
R-1044,22,125,5.8,2,92,-68,false
R-1044,23,130,6.5,2,95,-67,false
R-1045,0,120,4.4,2,80,-70,false
R-1045,1,125,5.1,2,83,-69,false
R-1045,2,130,5.8,2,86,-68,false
R-1045,3,135,6.5,2,89,-67,false
R-1045,4,140,7.2,2,92,-70,false
R-1045,5,145,4.4,2,95,-69,false
R-1045,6,150,5.1,2,98,-68,false
R-1045,7,120,5.8,2,101,-67,false
R-1045,8,125,6.5,2,104,-70,false
R-1045,9,130,7.2,2,80,-69,false
R-1045,10,135,4.4,2,83,-68,false
R-1045,11,140,5.1,2,86,-67,false
R-1045,12,145,5.8,2,89,-70,false
R-1045,13,150,6.5,2,92,-69,false
R-1045,14,120,7.2,2,95,-68,false
R-1045,15,125,4.4,2,98,-67,false
R-1045,16,230,11.9,6,141,-82,true
R-1045,17,235,12.6,6,144,-81,true
R-1045,18,240,13.3,6,120,-80,true
R-1045,19,245,14.0,6,123,-79,true
R-1045,20,150,4.4,2,86,-70,false
R-1045,21,120,5.1,2,89,-69,false
R-1045,22,125,5.8,2,92,-68,false
R-1045,23,130,6.5,2,95,-67,false
R-1046,0,120,4.4,2,80,-70,false
R-1046,1,125,5.1,2,83,-69,false
R-1046,2,130,5.8,2,86,-68,false
R-1046,3,135,6.5,2,89,-67,false
R-1046,4,140,7.2,2,92,-70,false
R-1046,5,145,4.4,2,95,-69,false
R-1046,6,150,5.1,2,98,-68,false
R-1046,7,120,5.8,2,101,-67,false
R-1046,8,125,6.5,2,104,-70,false
R-1046,9,130,7.2,2,80,-69,false
R-1046,10,135,4.4,2,83,-68,false
R-1046,11,140,5.1,2,86,-67,false
R-1046,12,145,5.8,2,89,-70,false
R-1046,13,150,6.5,2,92,-69,false
R-1046,14,120,7.2,2,95,-68,false
R-1046,15,125,4.4,2,98,-67,false
R-1046,16,230,11.9,6,141,-82,true
R-1046,17,235,12.6,6,144,-81,true
R-1046,18,240,13.3,6,120,-80,true
R-1046,19,245,14.0,6,123,-79,true
R-1046,20,150,4.4,2,86,-70,false
R-1046,21,120,5.1,2,89,-69,false
R-1046,22,125,5.8,2,92,-68,false
R-1046,23,130,6.5,2,95,-67,false
R-1047,0,120,4.4,2,80,-70,false
R-1047,1,125,5.1,2,83,-69,false
R-1047,2,130,5.8,2,86,-68,false
R-1047,3,135,6.5,2,89,-67,false
R-1047,4,140,7.2,2,92,-70,false
R-1047,5,145,4.4,2,95,-69,false
R-1047,6,150,5.1,2,98,-68,false
R-1047,7,120,5.8,2,101,-67,false
R-1047,8,125,6.5,2,104,-70,false
R-1047,9,130,7.2,2,80,-69,false
R-1047,10,135,4.4,2,83,-68,false
R-1047,11,140,5.1,2,86,-67,false
R-1047,12,145,5.8,2,89,-70,false
R-1047,13,150,6.5,2,92,-69,false
R-1047,14,120,7.2,2,95,-68,false
R-1047,15,125,4.4,2,98,-67,false
R-1047,16,230,11.9,6,141,-82,true
R-1047,17,235,12.6,6,144,-81,true
R-1047,18,240,13.3,6,120,-80,true
R-1047,19,245,14.0,6,123,-79,true
R-1047,20,150,4.4,2,86,-70,false
R-1047,21,120,5.1,2,89,-69,false
R-1047,22,125,5.8,2,92,-68,false
R-1047,23,130,6.5,2,95,-67,false
R-1048,0,70,1.2,1,50,-60,false
R-1048,1,75,1.9,1,53,-59,false
R-1048,2,80,2.6,1,56,-58,false
R-1048,3,85,3.3,1,59,-57,false
R-1048,4,90,4.0,1,62,-60,false
R-1048,5,95,1.2,1,65,-59,false
R-1048,6,100,1.9,1,68,-58,false
R-1048,7,70,2.6,1,71,-57,false
R-1048,8,75,3.3,1,74,-60,false
R-1048,9,80,4.0,1,50,-59,false
R-1048,10,85,1.2,1,53,-58,false
R-1048,11,90,1.9,1,56,-57,false
R-1048,12,95,2.6,1,59,-60,false
R-1048,13,100,3.3,1,62,-59,false
R-1048,14,70,4.0,1,65,-58,false
R-1048,15,75,1.2,1,68,-57,false
R-1048,16,80,1.9,1,71,-60,false
R-1048,17,85,2.6,1,74,-59,false
R-1048,18,90,3.3,1,50,-58,false
R-1048,19,95,4.0,1,53,-57,false
R-1048,20,250,11.2,6,126,-82,true
R-1048,21,70,1.9,1,59,-59,false
R-1048,22,75,2.6,1,62,-58,false
R-1048,23,80,3.3,1,65,-57,false
R-1049,0,70,1.2,1,50,-60,false
R-1049,1,75,1.9,1,53,-59,false
R-1049,2,80,2.6,1,56,-58,false
R-1049,3,85,3.3,1,59,-57,false
R-1049,4,90,4.0,1,62,-60,false
R-1049,5,95,1.2,1,65,-59,false
R-1049,6,100,1.9,1,68,-58,false
R-1049,7,70,2.6,1,71,-57,false
R-1049,8,75,3.3,1,74,-60,false
R-1049,9,80,4.0,1,50,-59,false
R-1049,10,85,1.2,1,53,-58,false
R-1049,11,90,1.9,1,56,-57,false
R-1049,12,95,2.6,1,59,-60,false
R-1049,13,100,3.3,1,62,-59,false
R-1049,14,70,4.0,1,65,-58,false
R-1049,15,75,1.2,1,68,-57,false
R-1049,16,80,1.9,1,71,-60,false
R-1049,17,85,2.6,1,74,-59,false
R-1049,18,90,3.3,1,50,-58,false
R-1049,19,95,4.0,1,53,-57,false
R-1049,20,100,1.2,1,56,-60,false
R-1049,21,70,1.9,1,59,-59,false
R-1049,22,75,2.6,1,62,-58,false
R-1049,23,80,3.3,1,65,-57,false
R-1050,0,70,1.2,1,50,-60,false
R-1050,1,75,1.9,1,53,-59,false
R-1050,2,80,2.6,1,56,-58,false
R-1050,3,85,3.3,1,59,-57,false
R-1050,4,90,4.0,1,62,-60,false
R-1050,5,95,1.2,1,65,-59,false
R-1050,6,100,1.9,1,68,-58,false
R-1050,7,70,2.6,1,71,-57,false
R-1050,8,75,3.3,1,74,-60,false
R-1050,9,80,4.0,1,50,-59,false
R-1050,10,85,1.2,1,53,-58,false
R-1050,11,90,1.9,1,56,-57,false
R-1050,12,95,2.6,1,59,-60,false
R-1050,13,100,3.3,1,62,-59,false
R-1050,14,70,4.0,1,65,-58,false
R-1050,15,75,1.2,1,68,-57,false
R-1050,16,80,1.9,1,71,-60,false
R-1050,17,85,2.6,1,74,-59,false
R-1050,18,90,3.3,1,50,-58,false
R-1050,19,95,4.0,1,53,-57,false
R-1050,20,100,1.2,1,56,-60,false
R-1050,21,70,1.9,1,59,-59,false
R-1050,22,75,2.6,1,62,-58,false
R-1050,23,80,3.3,1,65,-57,false
R-1051,0,120,4.4,2,80,-70,false
R-1051,1,125,5.1,2,83,-69,false
R-1051,2,130,5.8,2,86,-68,false
R-1051,3,135,6.5,2,89,-67,false
R-1051,4,140,7.2,2,92,-70,false
R-1051,5,145,4.4,2,95,-69,false
R-1051,6,150,5.1,2,98,-68,false
R-1051,7,120,5.8,2,101,-67,false
R-1051,8,125,6.5,2,104,-70,false
R-1051,9,230,14.0,6,120,-81,true
R-1051,10,235,11.2,6,123,-80,true
R-1051,11,240,11.9,6,126,-79,true
R-1051,12,245,12.6,6,129,-82,true
R-1051,13,250,13.3,6,132,-81,true
R-1051,14,220,14.0,6,135,-80,true
R-1051,15,225,11.2,6,138,-79,true
R-1051,16,230,11.9,6,141,-82,true
R-1051,17,235,12.6,6,144,-81,true
R-1051,18,140,6.5,2,80,-68,false
R-1051,19,145,7.2,2,83,-67,false
R-1051,20,150,4.4,2,86,-70,false
R-1051,21,120,5.1,2,89,-69,false
R-1051,22,125,5.8,2,92,-68,false
R-1051,23,130,6.5,2,95,-67,false
R-1052,0,120,4.4,2,80,-70,false
R-1052,1,125,5.1,2,83,-69,false
R-1052,2,130,5.8,2,86,-68,false
R-1052,3,135,6.5,2,89,-67,false
R-1052,4,140,7.2,2,92,-70,false
R-1052,5,145,4.4,2,95,-69,false
R-1052,6,150,5.1,2,98,-68,false
R-1052,7,120,5.8,2,101,-67,false
R-1052,8,125,6.5,2,104,-70,false
R-1052,9,130,7.2,2,80,-69,false
R-1052,10,135,4.4,2,83,-68,false
R-1052,11,140,5.1,2,86,-67,false
R-1052,12,145,5.8,2,89,-70,false
R-1052,13,150,6.5,2,92,-69,false
R-1052,14,120,7.2,2,95,-68,false
R-1052,15,125,4.4,2,98,-67,false
R-1052,16,230,11.9,6,141,-82,true
R-1052,17,235,12.6,6,144,-81,true
R-1052,18,240,13.3,6,120,-80,true
R-1052,19,245,14.0,6,123,-79,true
R-1052,20,150,4.4,2,86,-70,false
R-1052,21,120,5.1,2,89,-69,false
R-1052,22,125,5.8,2,92,-68,false
R-1052,23,130,6.5,2,95,-67,false
R-1053,0,120,4.4,2,80,-70,false
R-1053,1,125,5.1,2,83,-69,false
R-1053,2,130,5.8,2,86,-68,false
R-1053,3,135,6.5,2,89,-67,false
R-1053,4,140,7.2,2,92,-70,false
R-1053,5,145,4.4,2,95,-69,false
R-1053,6,150,5.1,2,98,-68,false
R-1053,7,120,5.8,2,101,-67,false
R-1053,8,125,6.5,2,104,-70,false
R-1053,9,130,7.2,2,80,-69,false
R-1053,10,135,4.4,2,83,-68,false
R-1053,11,140,5.1,2,86,-67,false
R-1053,12,145,5.8,2,89,-70,false
R-1053,13,150,6.5,2,92,-69,false
R-1053,14,120,7.2,2,95,-68,false
R-1053,15,125,4.4,2,98,-67,false
R-1053,16,230,11.9,6,141,-82,true
R-1053,17,235,12.6,6,144,-81,true
R-1053,18,240,13.3,6,120,-80,true
R-1053,19,245,14.0,6,123,-79,true
R-1053,20,150,4.4,2,86,-70,false
R-1053,21,120,5.1,2,89,-69,false
R-1053,22,125,5.8,2,92,-68,false
R-1053,23,130,6.5,2,95,-67,false
R-1054,0,120,4.4,2,80,-70,false
R-1054,1,125,5.1,2,83,-69,false
R-1054,2,130,5.8,2,86,-68,false
R-1054,3,135,6.5,2,89,-67,false
R-1054,4,140,7.2,2,92,-70,false
R-1054,5,145,4.4,2,95,-69,false
R-1054,6,150,5.1,2,98,-68,false
R-1054,7,120,5.8,2,101,-67,false
R-1054,8,125,6.5,2,104,-70,false
R-1054,9,130,7.2,2,80,-69,false
R-1054,10,135,4.4,2,83,-68,false
R-1054,11,140,5.1,2,86,-67,false
R-1054,12,145,5.8,2,89,-70,false
R-1054,13,150,6.5,2,92,-69,false
R-1054,14,120,7.2,2,95,-68,false
R-1054,15,125,4.4,2,98,-67,false
R-1054,16,230,11.9,6,141,-82,true
R-1054,17,235,12.6,6,144,-81,true
R-1054,18,240,13.3,6,120,-80,true
R-1054,19,245,14.0,6,123,-79,true
R-1054,20,150,4.4,2,86,-70,false
R-1054,21,120,5.1,2,89,-69,false
R-1054,22,125,5.8,2,92,-68,false
R-1054,23,130,6.5,2,95,-67,false
R-1055,0,120,4.4,2,80,-70,false
R-1055,1,125,5.1,2,83,-69,false
R-1055,2,130,5.8,2,86,-68,false
R-1055,3,135,6.5,2,89,-67,false
R-1055,4,140,7.2,2,92,-70,false
R-1055,5,145,4.4,2,95,-69,false
R-1055,6,150,5.1,2,98,-68,false
R-1055,7,120,5.8,2,101,-67,false
R-1055,8,125,6.5,2,104,-70,false
R-1055,9,130,7.2,2,80,-69,false
R-1055,10,135,4.4,2,83,-68,false
R-1055,11,140,5.1,2,86,-67,false
R-1055,12,145,5.8,2,89,-70,false
R-1055,13,150,6.5,2,92,-69,false
R-1055,14,120,7.2,2,95,-68,false
R-1055,15,125,4.4,2,98,-67,false
R-1055,16,230,11.9,6,141,-82,true
R-1055,17,235,12.6,6,144,-81,true
R-1055,18,240,13.3,6,120,-80,true
R-1055,19,245,14.0,6,123,-79,true
R-1055,20,150,4.4,2,86,-70,false
R-1055,21,120,5.1,2,89,-69,false
R-1055,22,125,5.8,2,92,-68,false
R-1055,23,130,6.5,2,95,-67,false
R-1056,0,70,1.2,1,50,-60,false
R-1056,1,75,1.9,1,53,-59,false
R-1056,2,80,2.6,1,56,-58,false
R-1056,3,85,3.3,1,59,-57,false
R-1056,4,90,4.0,1,62,-60,false
R-1056,5,95,1.2,1,65,-59,false
R-1056,6,100,1.9,1,68,-58,false
R-1056,7,70,2.6,1,71,-57,false
R-1056,8,75,3.3,1,74,-60,false
R-1056,9,80,4.0,1,50,-59,false
R-1056,10,85,1.2,1,53,-58,false
R-1056,11,90,1.9,1,56,-57,false
R-1056,12,95,2.6,1,59,-60,false
R-1056,13,100,3.3,1,62,-59,false
R-1056,14,70,4.0,1,65,-58,false
R-1056,15,75,1.2,1,68,-57,false
R-1056,16,80,1.9,1,71,-60,false
R-1056,17,85,2.6,1,74,-59,false
R-1056,18,90,3.3,1,50,-58,false
R-1056,19,95,4.0,1,53,-57,false
R-1056,20,250,11.2,6,126,-82,true
R-1056,21,70,1.9,1,59,-59,false
R-1056,22,75,2.6,1,62,-58,false
R-1056,23,80,3.3,1,65,-57,false
R-1057,0,70,1.2,1,50,-60,false
R-1057,1,75,1.9,1,53,-59,false
R-1057,2,80,2.6,1,56,-58,false
R-1057,3,85,3.3,1,59,-57,false
R-1057,4,90,4.0,1,62,-60,false
R-1057,5,95,1.2,1,65,-59,false
R-1057,6,100,1.9,1,68,-58,false
R-1057,7,70,2.6,1,71,-57,false
R-1057,8,75,3.3,1,74,-60,false
R-1057,9,80,4.0,1,50,-59,false
R-1057,10,85,1.2,1,53,-58,false
R-1057,11,90,1.9,1,56,-57,false
R-1057,12,95,2.6,1,59,-60,false
R-1057,13,100,3.3,1,62,-59,false
R-1057,14,70,4.0,1,65,-58,false
R-1057,15,75,1.2,1,68,-57,false
R-1057,16,80,1.9,1,71,-60,false
R-1057,17,85,2.6,1,74,-59,false
R-1057,18,90,3.3,1,50,-58,false
R-1057,19,95,4.0,1,53,-57,false
R-1057,20,100,1.2,1,56,-60,false
R-1057,21,70,1.9,1,59,-59,false
R-1057,22,75,2.6,1,62,-58,false
R-1057,23,80,3.3,1,65,-57,false
R-1058,0,70,1.2,1,50,-60,false
R-1058,1,75,1.9,1,53,-59,false
R-1058,2,80,2.6,1,56,-58,false
R-1058,3,85,3.3,1,59,-57,false
R-1058,4,90,4.0,1,62,-60,false
R-1058,5,95,1.2,1,65,-59,false
R-1058,6,100,1.9,1,68,-58,false
R-1058,7,70,2.6,1,71,-57,false
R-1058,8,75,3.3,1,74,-60,false
R-1058,9,80,4.0,1,50,-59,false
R-1058,10,85,1.2,1,53,-58,false
R-1058,11,90,1.9,1,56,-57,false
R-1058,12,95,2.6,1,59,-60,false
R-1058,13,100,3.3,1,62,-59,false
R-1058,14,70,4.0,1,65,-58,false
R-1058,15,75,1.2,1,68,-57,false
R-1058,16,80,1.9,1,71,-60,false
R-1058,17,85,2.6,1,74,-59,false
R-1058,18,90,3.3,1,50,-58,false
R-1058,19,95,4.0,1,53,-57,false
R-1058,20,100,1.2,1,56,-60,false
R-1058,21,70,1.9,1,59,-59,false
R-1058,22,75,2.6,1,62,-58,false
R-1058,23,80,3.3,1,65,-57,false
R-1059,0,120,4.4,2,80,-70,false
R-1059,1,125,5.1,2,83,-69,false
R-1059,2,130,5.8,2,86,-68,false
R-1059,3,135,6.5,2,89,-67,false
R-1059,4,140,7.2,2,92,-70,false
R-1059,5,145,4.4,2,95,-69,false
R-1059,6,150,5.1,2,98,-68,false
R-1059,7,120,5.8,2,101,-67,false
R-1059,8,125,6.5,2,104,-70,false
R-1059,9,230,14.0,6,120,-81,true
R-1059,10,235,11.2,6,123,-80,true
R-1059,11,240,11.9,6,126,-79,true
R-1059,12,245,12.6,6,129,-82,true
R-1059,13,250,13.3,6,132,-81,true
R-1059,14,220,14.0,6,135,-80,true
R-1059,15,225,11.2,6,138,-79,true
R-1059,16,230,11.9,6,141,-82,true
R-1059,17,235,12.6,6,144,-81,true
R-1059,18,140,6.5,2,80,-68,false
R-1059,19,145,7.2,2,83,-67,false
R-1059,20,150,4.4,2,86,-70,false
R-1059,21,120,5.1,2,89,-69,false
R-1059,22,125,5.8,2,92,-68,false
R-1059,23,130,6.5,2,95,-67,false
R-1060,0,120,4.4,2,80,-70,false
R-1060,1,125,5.1,2,83,-69,false
R-1060,2,130,5.8,2,86,-68,false
R-1060,3,135,6.5,2,89,-67,false
R-1060,4,140,7.2,2,92,-70,false
R-1060,5,145,4.4,2,95,-69,false
R-1060,6,150,5.1,2,98,-68,false
R-1060,7,120,5.8,2,101,-67,false
R-1060,8,125,6.5,2,104,-70,false
R-1060,9,230,14.0,6,120,-81,true
R-1060,10,235,11.2,6,123,-80,true
R-1060,11,240,11.9,6,126,-79,true
R-1060,12,245,12.6,6,129,-82,true
R-1060,13,250,13.3,6,132,-81,true
R-1060,14,220,14.0,6,135,-80,true
R-1060,15,225,11.2,6,138,-79,true
R-1060,16,230,11.9,6,141,-82,true
R-1060,17,235,12.6,6,144,-81,true
R-1060,18,140,6.5,2,80,-68,false
R-1060,19,145,7.2,2,83,-67,false
R-1060,20,150,4.4,2,86,-70,false
R-1060,21,120,5.1,2,89,-69,false
R-1060,22,125,5.8,2,92,-68,false
R-1060,23,130,6.5,2,95,-67,false
